{"cameraMode":{"drawMode":0,"name":"Shaded","section":"Shading Mode"},"sceneLighting":false,"audioPlay":false,"sceneViewState":{"m_AlwaysRefresh":false,"showFog":true,"showSkybox":false,"showFlares":true,"showImageEffects":true,"showParticleSystems":true,"showVisualEffectGraphs":true,"m_FxEnabled":true},"in2DMode":false,"pivot":{"x":3.156938076019287,"y":1.421377182006836,"z":-0.11143389344215393},"rotation":{"x":0.026671988889575006,"y":0.9730032682418823,"z":-0.17435380816459657,"w":0.14884774386882783},"size":4.390475749969482,"orthographic":false}