{"cameraMode":{"drawMode":0,"name":"Shaded","section":"Shading Mode"},"sceneLighting":false,"audioPlay":false,"sceneViewState":{"m_AlwaysRefresh":false,"showFog":true,"showSkybox":false,"showFlares":true,"showImageEffects":true,"showParticleSystems":true,"showVisualEffectGraphs":true,"m_FxEnabled":true},"in2DMode":false,"pivot":{"x":-0.005163073539733887,"y":0.553520679473877,"z":7.152557373046875e-7},"rotation":{"x":0.0008156209951266646,"y":0.9588333368301392,"z":-0.28436312079429629,"w":0.003206828376278281},"size":1.324249267578125,"orthographic":false}